date,collected_at,regime,score,coverage_pct,breadth50,breadth200,leadership_health,breakout_success_rate,breakout_event_count,distribution_count,warning_flags,price_source,universe_source,universe_version,universe_total,universe_covered,breadth_eligible,leadership_eligible,trend_score,breadth_score,leadership_score,breakout_score,pressure_score,engine_version,date_convention
2026-07-16,2026-10-10T01:22:04.318132+00:00,NEUTRO,60.83953382956389,100,0.6753507014028056,0.7114228456913828,0.42,0.5458333333333333,480,6.5,,yfinance,github_datasets,current_sp500_503_survivorship_bias,503,502,499,499,21.875,19.647867162897224,8.4,10.916666666666666,0.0,0.3.1,exchange_session_date
2026-07-17,2026-10-10T01:22:06.560358+00:00,NEUTRO,60.31373222635747,100,0.6472945891783567,0.6893787575150301,0.42,0.5395833333333333,480,6.5,,yfinance,github_datasets,current_sp500_503_survivorship_bias,503,502,499,499,21.875,19.24706555969081,8.4,10.791666666666666,0.0,0.3.1,exchange_session_date
2026-07-20,2026-10-10T01:22:08.890067+00:00,NEUTRO,56.2640476441605,100,0.6232464929859719,0.6693386773547094,0.4,0.5305263157894737,475,6.5,,yfinance,github_datasets,current_sp500_503_survivorship_bias,503,502,499,499,18.75,18.903521328371028,8.0,10.610526315789475,0.0,0.3.1,exchange_session_date
2026-07-21,2026-10-10T01:22:11.124912+00:00,NEUTRO,59.85068834970517,100,0.5991983967935872,0.6613226452905812,0.44,0.5307855626326964,471,6.5,,yfinance,github_datasets,current_sp500_503_survivorship_bias,503,502,499,499,21.875,18.559977097051245,8.8,10.615711252653927,0.0,0.3.1,exchange_session_date
2026-07-22,2026-10-10T01:22:14.158414+00:00,NEUTRO,62.33274427319458,100,0.6292585170340681,0.6673346693386774,0.48,0.5309168443496801,469,5.5,,yfinance,github_datasets,current_sp500_503_survivorship_bias,503,502,499,499,21.875,18.989407386200973,9.6,10.618336886993603,1.2500000000000004,0.3.1,exchange_session_date
2026-07-23,2026-10-10T01:22:17.629612+00:00,NEUTRO,57.808275280720174,100,0.5951903807615231,0.6613226452905812,0.5,0.5277777777777778,468,6.5,,yfinance,github_datasets,current_sp500_503_survivorship_bias,503,502,499,499,18.75,18.502719725164617,10.0,10.555555555555555,0.0,0.3.1,exchange_session_date
2026-07-24,2026-10-10T01:22:19.845451+00:00,NEUTRO,57.82660176269154,100,0.655310621242485,0.6693386773547094,0.46,0.5257510729613734,466,6.5,,yfinance,github_datasets,current_sp500_503_survivorship_bias,503,502,499,499,18.75,19.361580303464073,9.200000000000001,10.515021459227468,0.0,0.3.1,exchange_session_date
2026-07-27,2026-10-10T01:22:22.087048+00:00,NEUTRO,57.621788430932526,100,0.6953907815631263,0.7054108216432866,0.42,0.5268817204301075,465,6.0,,yfinance,github_datasets,current_sp500_503_survivorship_bias,503,502,499,499,18.75,19.934154022330375,8.4,10.53763440860215,0.0,0.3.1,exchange_session_date
2026-07-28,2026-10-10T01:22:24.344211+00:00,NEUTRO,56.382900432900435,100,0.7234468937875751,0.7234468937875751,0.36,0.5216450216450217,462,6.5,,yfinance,github_datasets,current_sp500_503_survivorship_bias,503,502,499,499,18.75,20.0,7.199999999999999,10.432900432900434,0.0,0.3.1,exchange_session_date
2026-07-29,2026-10-10T01:22:26.608598+00:00,NEUTRO,57.9064443922155,100,0.6633266533066132,0.7034068136272545,0.46,0.5240174672489083,458,7.5,,yfinance,github_datasets,current_sp500_503_survivorship_bias,503,502,499,499,18.75,19.476095047237333,9.200000000000001,10.480349344978166,0.0,0.3.1,exchange_session_date
2026-07-30,2026-10-10T01:22:29.643442+00:00,NEUTRO,55.51475722006784,100,0.6452905811623246,0.6993987975951904,0.36,0.5173160173160173,462,7.5,,yfinance,github_datasets,current_sp500_503_survivorship_bias,503,502,499,499,18.75,19.218436873747496,7.199999999999999,10.346320346320345,0.0,0.3.1,exchange_session_date
2026-07-31,2026-10-10T01:22:33.157980+00:00,NEUTRO,59.57749996711147,100,0.6312625250501002,0.687374749498998,0.42,0.5142231947483589,457,7.0,,yfinance,github_datasets,current_sp500_503_survivorship_bias,503,502,499,499,21.875,19.01803607214429,8.4,10.284463894967178,0.0,0.3.1,exchange_session_date
2026-08-03,2026-10-10T01:22:35.388027+00:00,NEUTRO,59.508034596471404,100,0.657314629258517,0.7094188376753507,0.4,0.5121412803532008,453,7.0,,yfinance,github_datasets,current_sp500_503_survivorship_bias,503,502,499,499,21.875,19.390208989407387,8.0,10.242825607064017,0.0,0.3.1,exchange_session_date
2026-08-04,2026-10-10T01:22:37.614499+00:00,NEUTRO,64.85367336990583,100,0.6893787575150301,0.7294589178356713,0.48,0.5202702702702703,444,6.5,,yfinance,github_datasets,current_sp500_503_survivorship_bias,503,502,499,499,25.0,19.84826796450043,9.6,10.405405405405405,0.0,0.3.1,exchange_session_date
2026-08-05,2026-10-10T01:22:39.846022+00:00,NEUTRO,65.67673964606654,100,0.6813627254509018,0.7254509018036072,0.52,0.5271493212669683,442,6.0,,yfinance,github_datasets,current_sp500_503_survivorship_bias,503,502,499,499,25.0,19.73375322072717,10.4,10.542986425339366,0.0,0.3.1,exchange_session_date
2026-08-06,2026-10-10T01:22:42.092064+00:00,NEUTRO,62.85449356763414,100,0.6533066132264529,0.7214428857715431,0.4,0.5260770975056689,441,6.0,,yfinance,github_datasets,current_sp500_503_survivorship_bias,503,502,499,499,25.0,19.332951617520756,8.0,10.521541950113377,0.0,0.3.1,exchange_session_date
2026-08-07,2026-10-10T01:22:45.195326+00:00,NEUTRO,64.14746863341195,100,0.6693386773547094,0.7414829659318637,0.46,0.5192743764172335,441,6.0,,yfinance,github_datasets,current_sp500_503_survivorship_bias,503,502,499,499,25.0,19.561981105067275,9.200000000000001,10.38548752834467,0.0,0.3.1,exchange_session_date
2026-08-10,2026-10-10T01:22:48.646505+00:00,NEUTRO,66.01162028490478,100,0.6653306613226453,0.7354709418837675,0.44,0.5103448275862069,435,5.0,,yfinance,github_datasets,current_sp500_503_survivorship_bias,503,502,499,499,25.0,19.504723733180647,8.8,10.206896551724139,2.4999999999999996,0.3.1,exchange_session_date
2026-08-11,2026-10-10T01:22:50.944824+00:00,NEUTRO,64.43468023858989,100,0.6472945891783567,0.7294589178356713,0.44,0.5068807339449541,436,5.5,,yfinance,github_datasets,current_sp500_503_survivorship_bias,503,502,499,499,25.0,19.24706555969081,8.8,10.137614678899084,1.2500000000000004,0.3.1,exchange_session_date
2026-08-12,2026-10-10T01:22:53.167328+00:00,NEUTRO,67.2788164757105,100,0.6613226452905812,0.7254509018036072,0.52,0.4965675057208238,437,5.0,,yfinance,github_datasets,current_sp500_503_survivorship_bias,503,502,499,499,25.0,19.44746636129402,10.4,9.931350114416476,2.4999999999999996,0.3.1,exchange_session_date
2026-08-13,2026-10-10T01:22:55.382802+00:00,FAVORAVEL,70.1948051948052,100,0.692,0.754,0.52,0.4954545454545455,440,4.0,,yfinance,github_datasets,current_sp500_503_survivorship_bias,503,502,500,499,25.0,19.885714285714286,10.4,9.90909090909091,5.000000000000001,0.3.1,exchange_session_date
2026-08-14,2026-10-10T01:22:57.698736+00:00,FAVORAVEL,72.9969696969697,100,0.71,0.752,0.54,0.48484848484848486,429,3.0,,yfinance,github_datasets,current_sp500_503_survivorship_bias,503,502,500,499,25.0,20.0,10.8,9.696969696969697,7.5,0.3.1,exchange_session_date
2026-08-17,2026-10-10T01:23:00.816440+00:00,FAVORAVEL,72.67960413080895,100,0.626,0.722,0.64,0.4843373493975904,415,3.5,,yfinance,github_datasets,current_sp500_503_survivorship_bias,503,502,500,499,25.0,18.942857142857143,12.8,9.686746987951807,6.249999999999999,0.3.1,exchange_session_date
2026-08-18,2026-10-10T01:23:04.421999+00:00,NEUTRO,67.29868238557559,100,0.612,0.722,0.5,0.49029126213592233,412,4.5,,yfinance,github_datasets,current_sp500_503_survivorship_bias,503,502,500,499,25.0,18.742857142857144,10.0,9.805825242718447,3.75,0.3.1,exchange_session_date
2026-08-19,2026-10-10T01:23:07.183766+00:00,NEUTRO,66.60912305516266,100,0.62,0.756,0.46,0.4900990099009901,404,4.5,,yfinance,github_datasets,current_sp500_503_survivorship_bias,503,502,500,499,25.0,18.857142857142858,9.200000000000001,9.801980198019802,3.75,0.3.1,exchange_session_date
2026-08-20,2026-10-10T01:23:09.426408+00:00,NEUTRO,63.731706652126505,100,0.552,0.74,0.46,0.48854961832061067,393,4.0,,yfinance,github_datasets,current_sp500_503_survivorship_bias,503,502,500,499,21.875,17.885714285714286,9.200000000000001,9.770992366412214,5.000000000000001,0.3.1,exchange_session_date
2026-08-21,2026-10-10T01:23:11.689746+00:00,NEUTRO,68.09435048578625,100,0.586,0.732,0.5,0.48614609571788414,397,4.0,,yfinance,github_datasets,current_sp500_503_survivorship_bias,503,502,500,499,25.0,18.371428571428574,10.0,9.722921914357682,5.000000000000001,0.3.1,exchange_session_date
2026-08-24,2026-10-10T01:23:14.002647+00:00,NEUTRO,63.38622448979592,100,0.61,0.75,0.46,0.4923469387755102,392,4.5,,yfinance,github_datasets,current_sp500_503_survivorship_bias,503,502,500,499,21.875,18.714285714285715,9.200000000000001,9.846938775510205,3.75,0.3.1,exchange_session_date
2026-08-25,2026-10-10T01:23:17.529191+00:00,NEUTRO,66.03151531930602,100,0.594,0.73,0.54,0.4935400516795866,387,4.0,,yfinance,github_datasets,current_sp500_503_survivorship_bias,503,502,500,499,21.875,18.485714285714288,10.8,9.870801033591732,5.000000000000001,0.3.1,exchange_session_date
2026-08-26,2026-10-10T01:23:20.377462+00:00,NEUTRO,68.96075100991553,100,0.596,0.734,0.56,0.493573264781491,389,3.0,,yfinance,github_datasets,current_sp500_503_survivorship_bias,503,502,500,499,21.875,18.514285714285712,11.200000000000001,9.87146529562982,7.5,0.3.1,exchange_session_date
2026-08-27,2026-10-10T01:23:22.731064+00:00,FAVORAVEL,72.81501831501832,100,0.544,0.714,0.64,0.48717948717948717,390,3.0,,yfinance,github_datasets,current_sp500_503_survivorship_bias,503,502,500,499,25.0,17.771428571428572,12.8,9.743589743589743,7.5,0.3.1,exchange_session_date
2026-08-28,2026-10-10T01:23:24.958470+00:00,NEUTRO,69.0531561461794,100,0.538,0.722,0.58,0.4883720930232558,387,4.0,,yfinance,github_datasets,current_sp500_503_survivorship_bias,503,502,500,499,25.0,17.685714285714287,11.6,9.767441860465116,5.000000000000001,0.3.1,exchange_session_date
2026-08-31,2026-10-10T01:23:27.174435+00:00,NEUTRO,67.80095729013254,100,0.508,0.69,0.6,0.4896907216494845,388,4.5,,yfinance,github_datasets,current_sp500_503_survivorship_bias,503,502,500,499,25.0,17.25714285714286,12.0,9.79381443298969,3.75,0.3.1,exchange_session_date
2026-09-01,2026-10-10T01:23:29.475854+00:00,NEUTRO,60.00238095238095,100,0.468,0.662,0.52,0.4895833333333333,384,5.5,,yfinance,github_datasets,current_sp500_503_survivorship_bias,503,502,500,499,21.875,16.685714285714287,10.4,9.791666666666666,1.2500000000000004,0.3.1,exchange_session_date
2026-09-02,2026-10-10T01:23:32.882966+00:00,NEUTRO,60.099436090225566,100,0.486,0.67,0.52,0.48157894736842105,380,5.5,,yfinance,github_datasets,current_sp500_503_survivorship_bias,503,502,500,499,21.875,16.942857142857143,10.4,9.631578947368421,1.2500000000000004,0.3.1,exchange_session_date
2026-09-03,2026-10-10T01:23:35.694408+00:00,NEUTRO,65.24908814589666,100,0.516,0.692,0.6,0.48138297872340424,376,5.5,,yfinance,github_datasets,current_sp500_503_survivorship_bias,503,502,500,499,25.0,17.371428571428574,12.0,9.627659574468085,1.2500000000000004,0.3.1,exchange_session_date
2026-09-04,2026-10-10T01:23:37.919894+00:00,NEUTRO,62.710952380952385,100,0.484,0.676,0.5,0.47733333333333333,375,5.5,,yfinance,github_datasets,current_sp500_503_survivorship_bias,503,502,500,499,25.0,16.914285714285715,10.0,9.546666666666667,1.2500000000000004,0.3.1,exchange_session_date
2026-09-08,2026-10-10T01:23:40.144890+00:00,NEUTRO,63.47912087912088,100,0.436,0.634,0.64,0.4725274725274725,364,6.0,,yfinance,github_datasets,current_sp500_503_survivorship_bias,503,502,500,499,25.0,16.228571428571428,12.8,9.45054945054945,0.0,0.3.1,exchange_session_date
2026-09-09,2026-10-10T01:23:42.367320+00:00,NEUTRO,62.35411919368975,100,0.384,0.604,0.58,0.450920245398773,326,5.5,BREADTH_WEAK,yfinance,github_datasets,current_sp500_503_survivorship_bias,503,502,500,499,25.0,15.485714285714286,11.6,9.01840490797546,1.2500000000000004,0.3.1,exchange_session_date
2026-09-10,2026-10-10T01:23:44.818881+00:00,NEUTRO,53.181968357375524,100,0.342,0.582,0.52,0.4723127035830619,307,6.5,BREADTH_WEAK,yfinance,github_datasets,current_sp500_503_survivorship_bias,503,502,500,499,18.75,14.585714285714285,10.4,9.446254071661237,0.0,0.3.1,exchange_session_date
2026-09-11,2026-10-10T01:23:48.244227+00:00,NEUTRO,61.69747899159664,100,0.398,0.6,0.58,0.47058823529411764,306,6.5,BREADTH_WEAK,yfinance,github_datasets,current_sp500_503_survivorship_bias,503,502,500,499,25.0,15.685714285714287,11.6,9.411764705882353,0.0,0.3.1,exchange_session_date
2026-09-14,2026-10-10T01:23:51.073236+00:00,NEUTRO,56.940436770734784,100,0.394,0.598,0.5,0.4735099337748344,302,7.0,BREADTH_WEAK,yfinance,github_datasets,current_sp500_503_survivorship_bias,503,502,500,499,21.875,15.595238095238097,10.0,9.470198675496688,0.0,0.3.1,exchange_session_date
2026-09-15,2026-10-10T01:23:53.297617+00:00,NEUTRO,54.16261431725008,100,0.36,0.572,0.56,0.4768211920529801,302,7.0,BREADTH_WEAK,yfinance,github_datasets,current_sp500_503_survivorship_bias,503,502,500,499,18.75,14.676190476190477,11.200000000000001,9.536423841059602,0.0,0.3.1,exchange_session_date
2026-09-16,2026-10-10T01:23:55.515486+00:00,NEUTRO,55.165946843853824,100,0.33,0.54,0.66,0.4750830564784053,301,6.5,BREADTH_WEAK,yfinance,github_datasets,current_sp500_503_survivorship_bias,503,502,500,499,18.75,13.714285714285715,13.200000000000001,9.501661129568106,0.0,0.3.1,exchange_session_date
2026-09-17,2026-10-10T01:23:57.753431+00:00,NEUTRO,61.27019867549669,100,0.322,0.54,0.66,0.4735099337748344,302,6.5,BREADTH_WEAK,yfinance,github_datasets,current_sp500_503_survivorship_bias,503,502,500,499,25.0,13.600000000000001,13.200000000000001,9.470198675496688,0.0,0.3.1,exchange_session_date
2026-09-18,2026-10-10T01:24:00.111096+00:00,NEUTRO,58.92626262626263,100,0.294,0.53,0.58,0.46464646464646464,297,6.0,BREADTH_WEAK,yfinance,github_datasets,current_sp500_503_survivorship_bias,503,502,500,499,25.0,13.033333333333335,11.6,9.292929292929292,0.0,0.3.1,exchange_session_date
2026-09-21,2026-10-10T01:24:03.509668+00:00,NEUTRO,60.73228962818004,100,0.314,0.528,0.66,0.4623287671232877,292,6.0,BREADTH_WEAK,yfinance,github_datasets,current_sp500_503_survivorship_bias,503,502,500,499,25.0,13.285714285714286,13.200000000000001,9.246575342465754,0.0,0.3.1,exchange_session_date
2026-09-22,2026-10-10T01:24:06.328302+00:00,NEUTRO,61.898768472906404,100,0.316,0.51,0.68,0.4517241379310345,290,5.5,BREADTH_WEAK,yfinance,github_datasets,current_sp500_503_survivorship_bias,503,502,500,499,25.0,13.014285714285714,13.600000000000001,9.03448275862069,1.2500000000000004,0.3.1,exchange_session_date
2026-09-23,2026-10-10T01:24:08.537633+00:00,NEUTRO,60.97216494845361,100,0.294,0.498,0.72,0.4536082474226804,291,6.0,BREADTH_WEAK,yfinance,github_datasets,current_sp500_503_survivorship_bias,503,502,500,499,25.0,12.5,14.399999999999999,9.072164948453608,0.0,0.3.1,exchange_session_date
2026-09-24,2026-10-10T01:24:10.861167+00:00,NEUTRO,60.10130169714945,100,0.264,0.476,0.72,0.44982698961937717,289,6.0,BREADTH_WEAK,yfinance,github_datasets,current_sp500_503_survivorship_bias,503,502,500,499,25.0,11.704761904761906,14.399999999999999,8.996539792387544,0.0,0.3.1,exchange_session_date
2026-09-25,2026-10-10T01:24:13.080916+00:00,NEUTRO,59.05952380952381,100,0.276,0.49,0.66,0.4375,288,6.0,BREADTH_WEAK,yfinance,github_datasets,current_sp500_503_survivorship_bias,503,502,500,499,25.0,12.10952380952381,13.200000000000001,8.75,0.0,0.3.1,exchange_session_date
2026-09-28,2026-10-10T01:24:15.521201+00:00,NEUTRO,61.47323943661972,100,0.252,0.48,0.8,0.44366197183098594,284,6.0,BREADTH_WEAK,yfinance,github_datasets,current_sp500_503_survivorship_bias,503,502,500,499,25.0,11.600000000000001,16.0,8.873239436619718,0.0,0.3.1,exchange_session_date
2026-09-29,2026-10-10T01:24:18.929070+00:00,NEUTRO,62.56614668856048,100,0.256,0.456,0.82,0.4329501915708812,261,5.5,BREADTH_WEAK,yfinance,github_datasets,current_sp500_503_survivorship_bias,503,502,500,499,25.0,11.257142857142856,16.4,8.659003831417625,1.2500000000000004,0.3.1,exchange_session_date
2026-09-30,2026-10-10T01:24:21.737354+00:00,NEUTRO,61.406486689163856,100,0.214,0.424,0.76,0.42913385826771655,254,5.0,BREADTH_WEAK,yfinance,github_datasets,current_sp500_503_survivorship_bias,503,502,500,499,25.0,10.123809523809523,15.2,8.582677165354331,2.4999999999999996,0.3.1,exchange_session_date
2026-10-01,2026-10-10T01:24:23.983198+00:00,NEUTRO,62.25155605549307,100,0.232,0.44,0.78,0.4251968503937008,254,5.0,BREADTH_WEAK,yfinance,github_datasets,current_sp500_503_survivorship_bias,503,503,500,499,25.0,10.647619047619049,15.600000000000001,8.503937007874017,2.4999999999999996,0.3.1,exchange_session_date
2026-10-02,2026-10-10T01:24:26.190689+00:00,NEUTRO,63.36304306583191,100,0.248,0.458,0.82,0.41434262948207173,251,5.0,BREADTH_WEAK,yfinance,github_datasets,current_sp500_503_survivorship_bias,503,503,500,499,25.0,11.176190476190477,16.4,8.286852589641434,2.4999999999999996,0.3.1,exchange_session_date
2026-10-05,2026-10-10T01:24:28.416913+00:00,NEUTRO,63.63862433862434,100,0.284,0.476,0.8,0.4074074074074074,243,5.0,BREADTH_WEAK,yfinance,github_datasets,current_sp500_503_survivorship_bias,503,503,500,499,25.0,11.99047619047619,16.0,8.148148148148147,2.4999999999999996,0.3.1,exchange_session_date
2026-10-06,2026-10-10T01:24:30.810894+00:00,NEUTRO,65.32086063783312,100,0.302,0.502,0.8,0.3944954128440367,218,4.5,BREADTH_WEAK,yfinance,github_datasets,current_sp500_503_survivorship_bias,503,503,500,499,25.0,12.68095238095238,16.0,7.889908256880735,3.75,0.3.1,exchange_session_date
2026-10-07,2026-10-10T01:24:34.337428+00:00,NEUTRO,63.927258566978196,100,0.294,0.47,0.76,0.397196261682243,214,4.5,BREADTH_WEAK,yfinance,github_datasets,current_sp500_503_survivorship_bias,503,503,500,499,25.0,12.033333333333333,15.2,7.94392523364486,3.75,0.3.1,exchange_session_date
2026-10-08,2026-10-10T01:24:37.059498+00:00,NEUTRO,64.7597060833903,100,0.334,0.504,0.74,0.4019138755980861,209,4.5,BREADTH_WEAK,yfinance,github_datasets,current_sp500_503_survivorship_bias,503,503,500,499,25.0,13.171428571428573,14.8,8.038277511961722,3.75,0.3.1,exchange_session_date
